model,rho,error_category,n_pairs,share_of_subset_pct,chosen_focus,rejected_focus,shift_focus,chosen_generic,rejected_generic,shift_generic,chosen_probing,rejected_probing,shift_probing,chosen_telling,rejected_telling,shift_telling
dpo_01,0.1,calculation_error_easily_solved_by_a_calculator,242,12.474226804123711,0.9200175991735539,0.21760398347107437,0.7024136157024795,0.0017876239669421486,0.015603636363636361,-0.013816012396694213,0.055452553719008264,0.31248017768595043,-0.2570276239669422,0.022742202479338842,0.4543122190082645,-0.4315700165289257
dpo_01,0.1,extra_quantity_or_missing_quantity,469,24.175257731958762,0.3844370106609808,0.787228710021322,-0.4027916993603412,0.008263179104477611,0.0022352089552238807,0.006027970149253731,0.11229563752665246,0.19928367164179106,-0.0869880341151386,0.49500417057569296,0.011252394456289979,0.48375177611940295
dpo_01,0.1,missing_wrong_factual_knowledge,271,13.969072164948454,0.3450286826568265,0.8938655055350553,-0.5488368228782288,0.007862837638376386,0.00645980442804428,0.0014030332103321056,0.1130389963099631,0.08632573431734318,0.02671326199261992,0.5340694760147602,0.013348937269372696,0.5207205387453875
dpo_01,0.1,misunderstanding_of_a_question,557,28.711340206185568,0.3995374308797128,0.8829197540394973,-0.4833823231597845,0.014648687612208259,0.0013230951526032315,0.013325592459605027,0.25325084021543987,0.08928469658886894,0.16396614362657091,0.332563091561939,0.026472463195691204,0.3060906283662478
dpo_01,0.1,none_of_the_above,168,8.65979381443299,0.9163427142857142,0.21971383333333333,0.6966288809523808,0.0018060297619047615,0.018188726190476193,-0.01638269642857143,0.059885690476190474,0.46820557738095236,-0.4083198869047619,0.021965529761904763,0.2938919285714286,-0.27192639880952385
dpo_01,0.1,reached_correct_solution_but_proceeded_further,137,7.061855670103093,0.9014358175182482,0.3853628905109489,0.5160729270072992,0.0018290583941605839,0.020309182481751824,-0.01848012408759124,0.08070560583941608,0.11943960583941604,-0.03873399999999996,0.01602948905109489,0.4748883941605839,-0.458858905109489
dpo_01,0.1,unit_conversion_error,96,4.948453608247423,0.33399239583333334,0.9073133750000001,-0.5733209791666667,0.0071220833333333336,0.0019700833333333337,0.005152,0.09959716666666667,0.07657609375,0.023021072916666663,0.55928834375,0.01414053125,0.5451478125
dpo_03,0.3,calculation_error_easily_solved_by_a_calculator,727,12.474262182566918,0.9100038748280606,0.44187605226960114,0.4681278225584594,0.001807796423658872,0.00812136038514443,-0.006313563961485557,0.06482782255845942,0.28478695185694636,-0.21995912929848693,0.02336051306740027,0.26521566712517197,-0.2418551540577717
dpo_03,0.3,extra_quantity_or_missing_quantity,1409,24.176389842141386,0.6261947210787793,0.8187129950319374,-0.19251827395315813,0.0049979758694109295,0.002131449254790632,0.0028665266146202977,0.09805710503903478,0.1642136444286728,-0.06615653938963803,0.2707502036905607,0.014941907735982966,0.2558082959545777
dpo_03,0.3,missing_wrong_factual_knowledge,815,13.984214138641043,0.5416738687116565,0.8961854822085891,-0.3545116134969326,0.005970738650306748,0.0035805447852760735,0.002390193865030675,0.17149586012269938,0.08475181595092024,0.08674404417177914,0.2808595116564417,0.015482154601226993,0.2653773570552147
dpo_03,0.3,misunderstanding_of_a_question,1671,28.671928620452984,0.5369828198683423,0.8780827187312985,-0.3410998988629562,0.007143444045481749,0.0014272148414123278,0.005716229204069421,0.2386728761220826,0.09270677079593057,0.14596610532615203,0.2172008509874327,0.027783292040694192,0.1894175589467385
dpo_03,0.3,none_of_the_above,505,8.66506520247083,0.9055355683168317,0.4300726316831684,0.4754629366336633,0.0018007861386138615,0.009332566336633664,-0.007531780198019803,0.07053705544554456,0.37299339009900984,-0.3024563346534653,0.02212658217821782,0.1876014217821782,-0.16547483960396037
dpo_03,0.3,reached_correct_solution_but_proceeded_further,412,7.069320521619766,0.8938244029126213,0.6260000121359224,0.26782439077669895,0.001777495145631068,0.009285126213592234,-0.007507631067961165,0.08705760922330096,0.12291308009708737,-0.03585547087378642,0.017340466019417477,0.24180182766990294,-0.22446136165048547
dpo_03,0.3,unit_conversion_error,289,4.958819492107069,0.5300789031141868,0.9006519999999998,-0.37057309688581297,0.006560439446366782,0.0019476539792387545,0.004612785467128027,0.1384543044982699,0.08127184429065744,0.05718246020761246,0.32490634602076124,0.016128484429065743,0.3087778615916955
dpo_05,0.5,calculation_error_easily_solved_by_a_calculator,1213,12.480707891758412,0.903978545754328,0.5519025993404781,0.35207594641384987,0.001827490519373454,0.006141820280296786,-0.004314329760923332,0.0699116446826051,0.24046231327287718,-0.17055066859027207,0.024282327287716406,0.20149328524319868,-0.17721095795548228
dpo_05,0.5,extra_quantity_or_missing_quantity,2350,24.179442329457764,0.7213028263829788,0.8105673493617022,-0.08926452297872334,0.0038177514893617025,0.0021038634042553194,0.001713888085106383,0.08684062085106384,0.1712389429787234,-0.08439832212765958,0.18803881234042552,0.01608984340425532,0.1719489689361702
dpo_05,0.5,missing_wrong_factual_knowledge,1359,13.982920053503447,0.5862458903605592,0.8891597343635025,-0.3029138440029433,0.004496492273730684,0.003503659308314937,0.0009928329654157473,0.21935569977924946,0.09116817439293598,0.12818752538631348,0.1899018955114054,0.01616843414275202,0.1737334613686534
dpo_05,0.5,misunderstanding_of_a_question,2786,28.66550056590184,0.6110348790380474,0.8699375725053842,-0.25890269346733674,0.005612529073941134,0.0014996934673366833,0.004112835606604451,0.22239569885139987,0.10080089519023688,0.12159480366116299,0.16095688298636038,0.02776182950466619,0.1331950534816942
dpo_05,0.5,none_of_the_above,842,8.663442741022738,0.8998716211401425,0.5399062695961996,0.35996535154394294,0.0018432482185273158,0.006782435866983374,-0.004939187648456058,0.07528929809976247,0.3087649714964371,-0.23347567339667463,0.022995838479809978,0.14454635273159144,-0.12155051425178147
dpo_05,0.5,reached_correct_solution_but_proceeded_further,687,7.068628459718078,0.8938341251819505,0.6871048573508005,0.20672926783114998,0.0017975822416302766,0.005741914119359533,-0.003944331877729257,0.08651453129548763,0.13091969868995634,-0.04440516739446872,0.017853768558951967,0.17623353566229985,-0.1583797671033479
dpo_05,0.5,unit_conversion_error,482,4.95935795863772,0.6160244813278009,0.8967855560165975,-0.28076107468879663,0.006807244813278009,0.001957491701244813,0.004849753112033195,0.15890686099585064,0.08386887551867218,0.07503798547717845,0.2182614273858921,0.017388085062240665,0.20087334232365145
